<?xml version="1.0" encoding="UTF-8"?>
<DocSetNodes version="1.0">
  <TOC>
    <Node>
      <Name>Root</Name>
      <Path>index.html</Path>
      <Subnodes>
       <Node>
        <Name>Class List</Name>
        <Path>annotated.html</Path>
        <Subnodes>
         <Node>
          <Name>RUIAchievementEarnedViewController</Name>
          <Path>interface_r_u_i_achievement_earned_view_controller.html</Path>
         </Node>
         <Node>
          <Name>RUICalibrateGestureHandler</Name>
          <Path>interface_r_u_i_calibrate_gesture_handler.html</Path>
         </Node>
         <Node>
          <Name>&lt;RUICalibrateGestureHandlerProtocol&gt;</Name>
          <Path>protocol_r_u_i_calibrate_gesture_handler_protocol-p.html</Path>
         </Node>
         <Node>
          <Name>RUICalibrateOverlayView</Name>
          <Path>interface_r_u_i_calibrate_overlay_view.html</Path>
         </Node>
         <Node>
          <Name>RUICalibrationView</Name>
          <Path>interface_r_u_i_calibration_view.html</Path>
         </Node>
         <Node>
          <Name>RUICalibrationViewController</Name>
          <Path>interface_r_u_i_calibration_view_controller.html</Path>
         </Node>
         <Node>
          <Name>&lt;RUICalibrationViewDelegate&gt;</Name>
          <Path>protocol_r_u_i_calibration_view_delegate-p.html</Path>
         </Node>
         <Node>
          <Name>RUIColorIndicatorView</Name>
          <Path>interface_r_u_i_color_indicator_view.html</Path>
         </Node>
         <Node>
          <Name>&lt;RUIColorPickerDelegate&gt;</Name>
          <Path>protocol_r_u_i_color_picker_delegate-p.html</Path>
         </Node>
         <Node>
          <Name>RUIColorPickerViewController</Name>
          <Path>interface_r_u_i_color_picker_view_controller.html</Path>
         </Node>
         <Node>
          <Name>RUICrossHairsView</Name>
          <Path>interface_r_u_i_cross_hairs_view.html</Path>
         </Node>
         <Node>
          <Name>RUIFlickGestureRecognizer</Name>
          <Path>interface_r_u_i_flick_gesture_recognizer.html</Path>
         </Node>
         <Node>
          <Name>RUIFlickView</Name>
          <Path>interface_r_u_i_flick_view.html</Path>
         </Node>
         <Node>
          <Name>&lt;RUIHSBColorPickerDelegate&gt;</Name>
          <Path>protocol_r_u_i_h_s_b_color_picker_delegate-p.html</Path>
         </Node>
         <Node>
          <Name>RUIHSBColorPickerView</Name>
          <Path>interface_r_u_i_h_s_b_color_picker_view.html</Path>
         </Node>
         <Node>
          <Name>&lt;RUIHSColorPickerDelegate&gt;</Name>
          <Path>protocol_r_u_i_h_s_color_picker_delegate-p.html</Path>
         </Node>
         <Node>
          <Name>RUIHSColorPickerView</Name>
          <Path>interface_r_u_i_h_s_color_picker_view.html</Path>
         </Node>
         <Node>
          <Name>RUIModalLayerViewController</Name>
          <Path>interface_r_u_i_modal_layer_view_controller.html</Path>
         </Node>
         <Node>
          <Name>RUIRGBColorPickerViewController</Name>
          <Path>interface_r_u_i_r_g_b_color_picker_view_controller.html</Path>
         </Node>
         <Node>
          <Name>RUISlideToSleepViewController</Name>
          <Path>interface_r_u_i_slide_to_sleep_view_controller.html</Path>
         </Node>
         <Node>
          <Name>&lt;RUISlideToSleepViewControllerDelegate&gt;</Name>
          <Path>protocol_r_u_i_slide_to_sleep_view_controller_delegate-p.html</Path>
         </Node>
         <Node>
          <Name>UIViewController(RUIModalLayerAdditions)</Name>
          <Path>interface_u_i_view_controller_07_r_u_i_modal_layer_additions_08.html</Path>
         </Node>
        </Subnodes>
       </Node>
       <Node>
        <Name>Class Index</Name>
        <Path>classes.html</Path>
       </Node>
       <Node>
        <Name>Class Hierarchy</Name>
        <Path>hierarchy.html</Path>
        <Subnodes>
         <Node>
          <Name>RUICalibrateGestureHandler</Name>
          <Path>interface_r_u_i_calibrate_gesture_handler.html</Path>
         </Node>
         <Node>
          <Name>&lt;RUICalibrateGestureHandlerProtocol&gt;</Name>
          <Path>protocol_r_u_i_calibrate_gesture_handler_protocol-p.html</Path>
         </Node>
         <Node>
          <Name>RUICalibrateOverlayView</Name>
          <Path>interface_r_u_i_calibrate_overlay_view.html</Path>
         </Node>
         <Node>
          <Name>RUICalibrationView</Name>
          <Path>interface_r_u_i_calibration_view.html</Path>
         </Node>
         <Node>
          <Name>&lt;RUICalibrationViewDelegate&gt;</Name>
          <Path>protocol_r_u_i_calibration_view_delegate-p.html</Path>
          <Subnodes>
           <Node>
            <Name>RUICalibrationViewController</Name>
            <Path>interface_r_u_i_calibration_view_controller.html</Path>
           </Node>
          </Subnodes>
         </Node>
         <Node>
          <Name>RUIColorIndicatorView</Name>
          <Path>interface_r_u_i_color_indicator_view.html</Path>
         </Node>
         <Node>
          <Name>&lt;RUIColorPickerDelegate&gt;</Name>
          <Path>protocol_r_u_i_color_picker_delegate-p.html</Path>
         </Node>
         <Node>
          <Name>RUICrossHairsView</Name>
          <Path>interface_r_u_i_cross_hairs_view.html</Path>
         </Node>
         <Node>
          <Name>RUIFlickGestureRecognizer</Name>
          <Path>interface_r_u_i_flick_gesture_recognizer.html</Path>
         </Node>
         <Node>
          <Name>RUIFlickView</Name>
          <Path>interface_r_u_i_flick_view.html</Path>
         </Node>
         <Node>
          <Name>&lt;RUIHSBColorPickerDelegate&gt;</Name>
          <Path>protocol_r_u_i_h_s_b_color_picker_delegate-p.html</Path>
          <Subnodes>
           <Node>
            <Name>RUIColorPickerViewController</Name>
            <Path>interface_r_u_i_color_picker_view_controller.html</Path>
           </Node>
          </Subnodes>
         </Node>
         <Node>
          <Name>RUIHSBColorPickerView</Name>
          <Path>interface_r_u_i_h_s_b_color_picker_view.html</Path>
         </Node>
         <Node>
          <Name>&lt;RUIHSColorPickerDelegate&gt;</Name>
          <Path>protocol_r_u_i_h_s_color_picker_delegate-p.html</Path>
         </Node>
         <Node>
          <Name>RUIHSColorPickerView</Name>
          <Path>interface_r_u_i_h_s_color_picker_view.html</Path>
         </Node>
         <Node>
          <Name>RUIModalLayerViewController</Name>
          <Path>interface_r_u_i_modal_layer_view_controller.html</Path>
          <Subnodes>
           <Node>
            <Name>RUIAchievementEarnedViewController</Name>
            <Path>interface_r_u_i_achievement_earned_view_controller.html</Path>
           </Node>
           <Node>
            <Name>RUICalibrationViewController</Name>
            <Path>interface_r_u_i_calibration_view_controller.html</Path>
           </Node>
           <Node>
            <Name>RUIColorPickerViewController</Name>
            <Path>interface_r_u_i_color_picker_view_controller.html</Path>
           </Node>
           <Node>
            <Name>RUIRGBColorPickerViewController</Name>
            <Path>interface_r_u_i_r_g_b_color_picker_view_controller.html</Path>
           </Node>
           <Node>
            <Name>RUISlideToSleepViewController</Name>
            <Path>interface_r_u_i_slide_to_sleep_view_controller.html</Path>
           </Node>
          </Subnodes>
         </Node>
         <Node>
          <Name>&lt;RUISlideToSleepViewControllerDelegate&gt;</Name>
          <Path>protocol_r_u_i_slide_to_sleep_view_controller_delegate-p.html</Path>
         </Node>
         <Node>
          <Name>UIViewController(RUIModalLayerAdditions)</Name>
          <Path>interface_u_i_view_controller_07_r_u_i_modal_layer_additions_08.html</Path>
         </Node>
        </Subnodes>
       </Node>
       <Node>
        <Name>Class Members</Name>
        <Path>functions.html</Path>
       </Node>
       <Node>
        <Name>File List</Name>
        <Path>files.html</Path>
        <Subnodes>
        </Subnodes>
       </Node>
      </Subnodes>
    </Node>
  </TOC>
</DocSetNodes>
