<?xml version="1.0" encoding="UTF-8"?>
<Tokens version="1.0">
  <Token>
    <TokenIdentifier>
      <Name>RUIAchievementEarnedViewController</Name>
      <APILanguage>c</APILanguage>
      <Type>cl</Type>
      <Scope>RUIAchievementEarnedViewController</Scope>
    </TokenIdentifier>
    <Path>interface_r_u_i_achievement_earned_view_controller.html</Path>
    <Abstract>View controller for notifying a user that they earned an achievement.</Abstract>
    <DeclaredIn>RUIAchievementEarnedViewController.h</DeclaredIn>
  </Token>
  <Token>
    <TokenIdentifier>
      <Name>setAchievement:</Name>
      <APILanguage>occ</APILanguage>
      <Type>instm</Type>
      <Scope>RUIAchievementEarnedViewController</Scope>
    </TokenIdentifier>
    <Path>interface_r_u_i_achievement_earned_view_controller.html</Path>
    <Anchor>a099075e2694cb42038eebfc34a2a55ba</Anchor>
  </Token>
  <Token>
    <TokenIdentifier>
      <Name>displayInView:</Name>
      <APILanguage>occ</APILanguage>
      <Type>instm</Type>
      <Scope>RUIAchievementEarnedViewController</Scope>
    </TokenIdentifier>
    <Path>interface_r_u_i_achievement_earned_view_controller.html</Path>
    <Anchor>a1508799681bbd7be3ca9442d2cb1cd15</Anchor>
  </Token>
  <Token>
    <TokenIdentifier>
      <Name>RUICalibrateGestureHandler</Name>
      <APILanguage>c</APILanguage>
      <Type>cl</Type>
      <Scope>RUICalibrateGestureHandler</Scope>
    </TokenIdentifier>
    <Path>interface_r_u_i_calibrate_gesture_handler.html</Path>
    <Abstract>Class to add a rotation gesture recognizer to a view and automatically display the rotation rings on ...</Abstract>
    <DeclaredIn>RUICalibrateGestureHandler.h</DeclaredIn>
  </Token>
  <Token>
    <TokenIdentifier>
      <Name>initWithView:</Name>
      <APILanguage>occ</APILanguage>
      <Type>instm</Type>
      <Scope>RUICalibrateGestureHandler</Scope>
    </TokenIdentifier>
    <Path>interface_r_u_i_calibrate_gesture_handler.html</Path>
    <Anchor>a39bd73414c02f042c8b477e2b9d60bee</Anchor>
  </Token>
  <Token>
    <TokenIdentifier>
      <Name>getGestureRecognizer</Name>
      <APILanguage>occ</APILanguage>
      <Type>instm</Type>
      <Scope>RUICalibrateGestureHandler</Scope>
    </TokenIdentifier>
    <Path>interface_r_u_i_calibrate_gesture_handler.html</Path>
    <Anchor>a914287ebb0874e236692ac6875c0d31c</Anchor>
  </Token>
  <Token>
    <TokenIdentifier>
      <Name>getOverlayView</Name>
      <APILanguage>occ</APILanguage>
      <Type>instm</Type>
      <Scope>RUICalibrateGestureHandler</Scope>
    </TokenIdentifier>
    <Path>interface_r_u_i_calibrate_gesture_handler.html</Path>
    <Anchor>add8e6a120174e0cbbe6e78e9baca0a27</Anchor>
  </Token>
  <Token>
    <TokenIdentifier>
      <Name>isCalibrating</Name>
      <APILanguage>occ</APILanguage>
      <Type>clm</Type>
      <Scope>RUICalibrateGestureHandler</Scope>
    </TokenIdentifier>
    <Path>interface_r_u_i_calibrate_gesture_handler.html</Path>
    <Anchor>af008b00cf5e8ee90081a75f15f60fd50</Anchor>
  </Token>
  <Token>
    <TokenIdentifier>
      <Name>delegate</Name>
      <APILanguage>occ</APILanguage>
      <Type>instp</Type>
      <Scope>RUICalibrateGestureHandler</Scope>
    </TokenIdentifier>
    <Path>interface_r_u_i_calibrate_gesture_handler.html</Path>
    <Anchor>ad33604dcece63d304ae7a7888983b689</Anchor>
  </Token>
  <Token>
    <TokenIdentifier>
      <Name>RUICalibrateGestureHandlerProtocol</Name>
      <APILanguage>c</APILanguage>
      <Type>intf</Type>
      <Scope>RUICalibrateGestureHandlerProtocol</Scope>
    </TokenIdentifier>
    <Path>protocol_r_u_i_calibrate_gesture_handler_protocol-p.html</Path>
    <DeclaredIn>RUICalibrateGestureHandler.h</DeclaredIn>
  </Token>
  <Token>
    <TokenIdentifier>
      <Name>calibrateGestureHandlerShouldAllowCalibration:</Name>
      <APILanguage>occ</APILanguage>
      <Type>intfm</Type>
      <Scope>RUICalibrateGestureHandlerProtocol-p</Scope>
    </TokenIdentifier>
    <Path>protocol_r_u_i_calibrate_gesture_handler_protocol-p.html</Path>
    <Anchor>a7178f06d8df7251caf0760638aa9b4e0</Anchor>
  </Token>
  <Token>
    <TokenIdentifier>
      <Name>calibrateGestureHandlerBegan:</Name>
      <APILanguage>occ</APILanguage>
      <Type>intfm</Type>
      <Scope>RUICalibrateGestureHandlerProtocol-p</Scope>
    </TokenIdentifier>
    <Path>protocol_r_u_i_calibrate_gesture_handler_protocol-p.html</Path>
    <Anchor>ab50406778c94f0760ccdf88402e83998</Anchor>
  </Token>
  <Token>
    <TokenIdentifier>
      <Name>calibrateGestureHandlerEnded:</Name>
      <APILanguage>occ</APILanguage>
      <Type>intfm</Type>
      <Scope>RUICalibrateGestureHandlerProtocol-p</Scope>
    </TokenIdentifier>
    <Path>protocol_r_u_i_calibrate_gesture_handler_protocol-p.html</Path>
    <Anchor>adfa6f8df944233ac51d083dc6fb9925e</Anchor>
  </Token>
  <Token>
    <TokenIdentifier>
      <Name>RUICalibrateOverlayView</Name>
      <APILanguage>c</APILanguage>
      <Type>cl</Type>
      <Scope>RUICalibrateOverlayView</Scope>
    </TokenIdentifier>
    <Path>interface_r_u_i_calibrate_overlay_view.html</Path>
    <Abstract>A view that can be overlayed to show a rotation gesture is happening.</Abstract>
    <DeclaredIn>RUICalibrateOverlayView.h</DeclaredIn>
  </Token>
  <Token>
    <TokenIdentifier>
      <Name>initWithFrame:</Name>
      <APILanguage>occ</APILanguage>
      <Type>instm</Type>
      <Scope>RUICalibrateOverlayView</Scope>
    </TokenIdentifier>
    <Path>interface_r_u_i_calibrate_overlay_view.html</Path>
    <Anchor>a39156167d8a9c33042da9f95790dcc32</Anchor>
  </Token>
  <Token>
    <TokenIdentifier>
      <Name>point1Moved:point2Moved:withRotation:</Name>
      <APILanguage>occ</APILanguage>
      <Type>instm</Type>
      <Scope>RUICalibrateOverlayView</Scope>
    </TokenIdentifier>
    <Path>interface_r_u_i_calibrate_overlay_view.html</Path>
    <Anchor>ab6ef3d42737d6e851f611d79db52922c</Anchor>
  </Token>
  <Token>
    <TokenIdentifier>
      <Name>calibrationDone</Name>
      <APILanguage>occ</APILanguage>
      <Type>instm</Type>
      <Scope>RUICalibrateOverlayView</Scope>
    </TokenIdentifier>
    <Path>interface_r_u_i_calibrate_overlay_view.html</Path>
    <Anchor>a6ac156ef0b79a0a019517c97cba36405</Anchor>
  </Token>
  <Token>
    <TokenIdentifier>
      <Name>RUICalibrationView</Name>
      <APILanguage>c</APILanguage>
      <Type>cl</Type>
      <Scope>RUICalibrationView</Scope>
    </TokenIdentifier>
    <Path>interface_r_u_i_calibration_view.html</Path>
    <Abstract>View class showing a control wheel with a knob that the user can grab and rotate to point the robot i...</Abstract>
    <DeclaredIn>RUICalibrationView.h</DeclaredIn>
  </Token>
  <Token>
    <TokenIdentifier>
      <Name>setWheelImage:</Name>
      <APILanguage>occ</APILanguage>
      <Type>instm</Type>
      <Scope>RUICalibrationView</Scope>
    </TokenIdentifier>
    <Path>interface_r_u_i_calibration_view.html</Path>
    <Anchor>a26c1aa9d599d3055990b56c31acc99c9</Anchor>
  </Token>
  <Token>
    <TokenIdentifier>
      <Name>setKnobImage:</Name>
      <APILanguage>occ</APILanguage>
      <Type>instm</Type>
      <Scope>RUICalibrationView</Scope>
    </TokenIdentifier>
    <Path>interface_r_u_i_calibration_view.html</Path>
    <Anchor>a0d0ac0582f168cbfffa286c7850a4dba</Anchor>
  </Token>
  <Token>
    <TokenIdentifier>
      <Name>reset</Name>
      <APILanguage>occ</APILanguage>
      <Type>instm</Type>
      <Scope>RUICalibrationView</Scope>
    </TokenIdentifier>
    <Path>interface_r_u_i_calibration_view.html</Path>
    <Anchor>a48e229018c208c17b690395ee4b15910</Anchor>
  </Token>
  <Token>
    <TokenIdentifier>
      <Name>delegate</Name>
      <APILanguage>occ</APILanguage>
      <Type>instp</Type>
      <Scope>RUICalibrationView</Scope>
    </TokenIdentifier>
    <Path>interface_r_u_i_calibration_view.html</Path>
    <Anchor>a708514158c39fb61eb7ee588db6eaf72</Anchor>
  </Token>
  <Token>
    <TokenIdentifier>
      <Name>wheelBorderSize</Name>
      <APILanguage>occ</APILanguage>
      <Type>instp</Type>
      <Scope>RUICalibrationView</Scope>
    </TokenIdentifier>
    <Path>interface_r_u_i_calibration_view.html</Path>
    <Anchor>a7d510cb7820e82c055570651609ff7af</Anchor>
  </Token>
  <Token>
    <TokenIdentifier>
      <Name>controlKnobDiameter</Name>
      <APILanguage>occ</APILanguage>
      <Type>instp</Type>
      <Scope>RUICalibrationView</Scope>
    </TokenIdentifier>
    <Path>interface_r_u_i_calibration_view.html</Path>
    <Anchor>ae7dcd736748a4af3b5a90309cf5461fc</Anchor>
  </Token>
  <Token>
    <TokenIdentifier>
      <Name>rotateView</Name>
      <APILanguage>occ</APILanguage>
      <Type>instp</Type>
      <Scope>RUICalibrationView</Scope>
    </TokenIdentifier>
    <Path>interface_r_u_i_calibration_view.html</Path>
    <Anchor>a03106653e4222eb711f053e8445abb10</Anchor>
  </Token>
  <Token>
    <TokenIdentifier>
      <Name>RUICalibrationViewController</Name>
      <APILanguage>c</APILanguage>
      <Type>cl</Type>
      <Scope>RUICalibrationViewController</Scope>
    </TokenIdentifier>
    <Path>interface_r_u_i_calibration_view_controller.html</Path>
    <Abstract>Modal view controller that allows the user to calibrate the Sphero heading.</Abstract>
    <DeclaredIn>RUICalibrationViewController.h</DeclaredIn>
  </Token>
  <Token>
    <TokenIdentifier>
      <Name>done</Name>
      <APILanguage>occ</APILanguage>
      <Type>instm</Type>
      <Scope>RUICalibrationViewController</Scope>
    </TokenIdentifier>
    <Path>interface_r_u_i_calibration_view_controller.html</Path>
    <Anchor>a9f4a27d7da4438eabd3d2fc20df5b92e</Anchor>
  </Token>
  <Token>
    <TokenIdentifier>
      <Name>layoutPortrait</Name>
      <APILanguage>occ</APILanguage>
      <Type>instm</Type>
      <Scope>RUICalibrationViewController</Scope>
    </TokenIdentifier>
    <Path>interface_r_u_i_calibration_view_controller.html</Path>
    <Anchor>abca646a7b45e927dd54c9cc9844ec6f0</Anchor>
  </Token>
  <Token>
    <TokenIdentifier>
      <Name>layoutLandscape</Name>
      <APILanguage>occ</APILanguage>
      <Type>instm</Type>
      <Scope>RUICalibrationViewController</Scope>
    </TokenIdentifier>
    <Path>interface_r_u_i_calibration_view_controller.html</Path>
    <Anchor>af8bd01ac360de196a04537ea10d66364</Anchor>
  </Token>
  <Token>
    <TokenIdentifier>
      <Name>calibrationView</Name>
      <APILanguage>occ</APILanguage>
      <Type>instp</Type>
      <Scope>RUICalibrationViewController</Scope>
    </TokenIdentifier>
    <Path>interface_r_u_i_calibration_view_controller.html</Path>
    <Anchor>aca041017b2eedcf00290499e2fc6cb1d</Anchor>
  </Token>
  <Token>
    <TokenIdentifier>
      <Name>robotControl</Name>
      <APILanguage>occ</APILanguage>
      <Type>instp</Type>
      <Scope>RUICalibrationViewController</Scope>
    </TokenIdentifier>
    <Path>interface_r_u_i_calibration_view_controller.html</Path>
    <Anchor>ad1334d40cc23e67f427320f032107da0</Anchor>
  </Token>
  <Token>
    <TokenIdentifier>
      <Name>RUICalibrationViewDelegate</Name>
      <APILanguage>c</APILanguage>
      <Type>intf</Type>
      <Scope>RUICalibrationViewDelegate</Scope>
    </TokenIdentifier>
    <Path>protocol_r_u_i_calibration_view_delegate-p.html</Path>
    <Abstract>Protocol for the calibration view delegate to implement.</Abstract>
    <DeclaredIn>RUICalibrationView.h</DeclaredIn>
  </Token>
  <Token>
    <TokenIdentifier>
      <Name>calibrationViewHeadingDidChange:toHeading:</Name>
      <APILanguage>occ</APILanguage>
      <Type>intfm</Type>
      <Scope>RUICalibrationViewDelegate-p</Scope>
    </TokenIdentifier>
    <Path>protocol_r_u_i_calibration_view_delegate-p.html</Path>
    <Anchor>a59f9d752c0f405649371147a5152142d</Anchor>
  </Token>
  <Token>
    <TokenIdentifier>
      <Name>calibrationViewHeadingSet:</Name>
      <APILanguage>occ</APILanguage>
      <Type>intfm</Type>
      <Scope>RUICalibrationViewDelegate-p</Scope>
    </TokenIdentifier>
    <Path>protocol_r_u_i_calibration_view_delegate-p.html</Path>
    <Anchor>aef51838062c1a6a07c7ca225b9e06fb2</Anchor>
  </Token>
  <Token>
    <TokenIdentifier>
      <Name>RUIColorIndicatorView</Name>
      <APILanguage>c</APILanguage>
      <Type>cl</Type>
      <Scope>RUIColorIndicatorView</Scope>
    </TokenIdentifier>
    <Path>interface_r_u_i_color_indicator_view.html</Path>
    <Abstract>Show a color in a rounded rectangle.</Abstract>
    <DeclaredIn>RUIColorIndicatorView.h</DeclaredIn>
  </Token>
  <Token>
    <TokenIdentifier>
      <Name>initDefaults</Name>
      <APILanguage>occ</APILanguage>
      <Type>instm</Type>
      <Scope>RUIColorIndicatorView</Scope>
    </TokenIdentifier>
    <Path>interface_r_u_i_color_indicator_view.html</Path>
    <Anchor>af30d36c94f9bf099925eaa3087e5d6f9</Anchor>
  </Token>
  <Token>
    <TokenIdentifier>
      <Name>updateHue:saturation:brightness:</Name>
      <APILanguage>occ</APILanguage>
      <Type>instm</Type>
      <Scope>RUIColorIndicatorView</Scope>
    </TokenIdentifier>
    <Path>interface_r_u_i_color_indicator_view.html</Path>
    <Anchor>adb823c00fb2087b38364b92ca2337372</Anchor>
  </Token>
  <Token>
    <TokenIdentifier>
      <Name>updateRed:green:blue:</Name>
      <APILanguage>occ</APILanguage>
      <Type>instm</Type>
      <Scope>RUIColorIndicatorView</Scope>
    </TokenIdentifier>
    <Path>interface_r_u_i_color_indicator_view.html</Path>
    <Anchor>afc677e222af44394375e00c578d46243</Anchor>
  </Token>
  <Token>
    <TokenIdentifier>
      <Name>autoUpdateColor</Name>
      <APILanguage>occ</APILanguage>
      <Type>instm</Type>
      <Scope>RUIColorIndicatorView</Scope>
    </TokenIdentifier>
    <Path>interface_r_u_i_color_indicator_view.html</Path>
    <Anchor>a0a19513b36c010387bea4ba2a22a67bc</Anchor>
  </Token>
  <Token>
    <TokenIdentifier>
      <Name>hue</Name>
      <APILanguage>occ</APILanguage>
      <Type>instp</Type>
      <Scope>RUIColorIndicatorView</Scope>
    </TokenIdentifier>
    <Path>interface_r_u_i_color_indicator_view.html</Path>
    <Anchor>a5ca5080a0edfcff71e57e28c3a7a778f</Anchor>
  </Token>
  <Token>
    <TokenIdentifier>
      <Name>saturation</Name>
      <APILanguage>occ</APILanguage>
      <Type>instp</Type>
      <Scope>RUIColorIndicatorView</Scope>
    </TokenIdentifier>
    <Path>interface_r_u_i_color_indicator_view.html</Path>
    <Anchor>a393e29ad9206768fa260b9de3911a998</Anchor>
  </Token>
  <Token>
    <TokenIdentifier>
      <Name>brightness</Name>
      <APILanguage>occ</APILanguage>
      <Type>instp</Type>
      <Scope>RUIColorIndicatorView</Scope>
    </TokenIdentifier>
    <Path>interface_r_u_i_color_indicator_view.html</Path>
    <Anchor>a043808f370f5667206e5855b5c62b747</Anchor>
  </Token>
  <Token>
    <TokenIdentifier>
      <Name>red</Name>
      <APILanguage>occ</APILanguage>
      <Type>instp</Type>
      <Scope>RUIColorIndicatorView</Scope>
    </TokenIdentifier>
    <Path>interface_r_u_i_color_indicator_view.html</Path>
    <Anchor>a51a3ed03be0fe6af0d000364a366a943</Anchor>
  </Token>
  <Token>
    <TokenIdentifier>
      <Name>green</Name>
      <APILanguage>occ</APILanguage>
      <Type>instp</Type>
      <Scope>RUIColorIndicatorView</Scope>
    </TokenIdentifier>
    <Path>interface_r_u_i_color_indicator_view.html</Path>
    <Anchor>a9b8cfe4ad7217ab744aeaef7563a1318</Anchor>
  </Token>
  <Token>
    <TokenIdentifier>
      <Name>blue</Name>
      <APILanguage>occ</APILanguage>
      <Type>instp</Type>
      <Scope>RUIColorIndicatorView</Scope>
    </TokenIdentifier>
    <Path>interface_r_u_i_color_indicator_view.html</Path>
    <Anchor>a3823c7468835906f5d997b68fc2b348d</Anchor>
  </Token>
  <Token>
    <TokenIdentifier>
      <Name>RUIColorPickerDelegate</Name>
      <APILanguage>c</APILanguage>
      <Type>intf</Type>
      <Scope>RUIColorPickerDelegate</Scope>
    </TokenIdentifier>
    <Path>protocol_r_u_i_color_picker_delegate-p.html</Path>
    <Abstract>Protocol to be implemented by classes wishing to receive information from the RobotUIKit color picker...</Abstract>
    <DeclaredIn>RUIColorPickerDelegate.h</DeclaredIn>
  </Token>
  <Token>
    <TokenIdentifier>
      <Name>colorPickerDidChange:withRed:green:blue:</Name>
      <APILanguage>occ</APILanguage>
      <Type>intfm</Type>
      <Scope>RUIColorPickerDelegate-p</Scope>
    </TokenIdentifier>
    <Path>protocol_r_u_i_color_picker_delegate-p.html</Path>
    <Anchor>aa6962f647f5d22dbaa612cfda46efe1b</Anchor>
  </Token>
  <Token>
    <TokenIdentifier>
      <Name>colorPickerDidFinish:withRed:green:blue:</Name>
      <APILanguage>occ</APILanguage>
      <Type>intfm</Type>
      <Scope>RUIColorPickerDelegate-p</Scope>
    </TokenIdentifier>
    <Path>protocol_r_u_i_color_picker_delegate-p.html</Path>
    <Anchor>aaec1ac37ea6847cabb7658404795037b</Anchor>
  </Token>
  <Token>
    <TokenIdentifier>
      <Name>RUIColorPickerViewController</Name>
      <APILanguage>c</APILanguage>
      <Type>cl</Type>
      <Scope>RUIColorPickerViewController</Scope>
    </TokenIdentifier>
    <Path>interface_r_u_i_color_picker_view_controller.html</Path>
    <Abstract>View controller that allows the user to select a color and brightness.</Abstract>
    <DeclaredIn>RUIColorPickerViewController.h</DeclaredIn>
  </Token>
  <Token>
    <TokenIdentifier>
      <Name>setRed:green:blue:</Name>
      <APILanguage>occ</APILanguage>
      <Type>instm</Type>
      <Scope>RUIColorPickerViewController</Scope>
    </TokenIdentifier>
    <Path>interface_r_u_i_color_picker_view_controller.html</Path>
    <Anchor>ae624d08f0c9716ba830435dd038ead5c</Anchor>
  </Token>
  <Token>
    <TokenIdentifier>
      <Name>setCurrentRed:green:blue:</Name>
      <APILanguage>occ</APILanguage>
      <Type>instm</Type>
      <Scope>RUIColorPickerViewController</Scope>
    </TokenIdentifier>
    <Path>interface_r_u_i_color_picker_view_controller.html</Path>
    <Anchor>a6e31cfbb82a17c868ae0a37dcf089ba7</Anchor>
  </Token>
  <Token>
    <TokenIdentifier>
      <Name>done:</Name>
      <APILanguage>occ</APILanguage>
      <Type>instm</Type>
      <Scope>RUIColorPickerViewController</Scope>
    </TokenIdentifier>
    <Path>interface_r_u_i_color_picker_view_controller.html</Path>
    <Anchor>a5b268da3b7b3116bd0a4b8bfe697d1ef</Anchor>
  </Token>
  <Token>
    <TokenIdentifier>
      <Name>showBackButton:</Name>
      <APILanguage>occ</APILanguage>
      <Type>instm</Type>
      <Scope>RUIColorPickerViewController</Scope>
    </TokenIdentifier>
    <Path>interface_r_u_i_color_picker_view_controller.html</Path>
    <Anchor>a3779d46135ea37ef5b45008461fcc800</Anchor>
  </Token>
  <Token>
    <TokenIdentifier>
      <Name>showRollButton:</Name>
      <APILanguage>occ</APILanguage>
      <Type>instm</Type>
      <Scope>RUIColorPickerViewController</Scope>
    </TokenIdentifier>
    <Path>interface_r_u_i_color_picker_view_controller.html</Path>
    <Anchor>a3bb8b9d713649cd01f260cb540083195</Anchor>
  </Token>
  <Token>
    <TokenIdentifier>
      <Name>setBackButtonTarget:action:</Name>
      <APILanguage>occ</APILanguage>
      <Type>instm</Type>
      <Scope>RUIColorPickerViewController</Scope>
    </TokenIdentifier>
    <Path>interface_r_u_i_color_picker_view_controller.html</Path>
    <Anchor>a47a4bdf30bf653a899eed48b23343b2a</Anchor>
  </Token>
  <Token>
    <TokenIdentifier>
      <Name>layoutPortrait</Name>
      <APILanguage>occ</APILanguage>
      <Type>instm</Type>
      <Scope>RUIColorPickerViewController</Scope>
    </TokenIdentifier>
    <Path>interface_r_u_i_color_picker_view_controller.html</Path>
    <Anchor>aa9de332c27b60bded2f6dae756cb1044</Anchor>
  </Token>
  <Token>
    <TokenIdentifier>
      <Name>layoutLandscape</Name>
      <APILanguage>occ</APILanguage>
      <Type>instm</Type>
      <Scope>RUIColorPickerViewController</Scope>
    </TokenIdentifier>
    <Path>interface_r_u_i_color_picker_view_controller.html</Path>
    <Anchor>af79648327fe692730ddc11c6ca2774d3</Anchor>
  </Token>
  <Token>
    <TokenIdentifier>
      <Name>colorPickerView</Name>
      <APILanguage>occ</APILanguage>
      <Type>instp</Type>
      <Scope>RUIColorPickerViewController</Scope>
    </TokenIdentifier>
    <Path>interface_r_u_i_color_picker_view_controller.html</Path>
    <Anchor>a79496f956e1fa51ae86581120611dd51</Anchor>
  </Token>
  <Token>
    <TokenIdentifier>
      <Name>newColorIndicatorView</Name>
      <APILanguage>occ</APILanguage>
      <Type>instp</Type>
      <Scope>RUIColorPickerViewController</Scope>
    </TokenIdentifier>
    <Path>interface_r_u_i_color_picker_view_controller.html</Path>
    <Anchor>a864f8e55f4f535f998ba276d72e0dacf</Anchor>
  </Token>
  <Token>
    <TokenIdentifier>
      <Name>oldColorIndicatorView</Name>
      <APILanguage>occ</APILanguage>
      <Type>instp</Type>
      <Scope>RUIColorPickerViewController</Scope>
    </TokenIdentifier>
    <Path>interface_r_u_i_color_picker_view_controller.html</Path>
    <Anchor>af6b761a95d349a5d9879a1502ef38bfd</Anchor>
  </Token>
  <Token>
    <TokenIdentifier>
      <Name>rgbBackgroundView</Name>
      <APILanguage>occ</APILanguage>
      <Type>instp</Type>
      <Scope>RUIColorPickerViewController</Scope>
    </TokenIdentifier>
    <Path>interface_r_u_i_color_picker_view_controller.html</Path>
    <Anchor>a6f604a241832bd8f68fac3b0cc034188</Anchor>
  </Token>
  <Token>
    <TokenIdentifier>
      <Name>redLabel</Name>
      <APILanguage>occ</APILanguage>
      <Type>instp</Type>
      <Scope>RUIColorPickerViewController</Scope>
    </TokenIdentifier>
    <Path>interface_r_u_i_color_picker_view_controller.html</Path>
    <Anchor>ae74b155982106cef11506188a6f90501</Anchor>
  </Token>
  <Token>
    <TokenIdentifier>
      <Name>greenLabel</Name>
      <APILanguage>occ</APILanguage>
      <Type>instp</Type>
      <Scope>RUIColorPickerViewController</Scope>
    </TokenIdentifier>
    <Path>interface_r_u_i_color_picker_view_controller.html</Path>
    <Anchor>a67d551e6898976aee26ffa0f38f3d5d8</Anchor>
  </Token>
  <Token>
    <TokenIdentifier>
      <Name>blueLabel</Name>
      <APILanguage>occ</APILanguage>
      <Type>instp</Type>
      <Scope>RUIColorPickerViewController</Scope>
    </TokenIdentifier>
    <Path>interface_r_u_i_color_picker_view_controller.html</Path>
    <Anchor>a7bc2b52965a71f4c8a2963e664441374</Anchor>
  </Token>
  <Token>
    <TokenIdentifier>
      <Name>colorIndicatorBG</Name>
      <APILanguage>occ</APILanguage>
      <Type>instp</Type>
      <Scope>RUIColorPickerViewController</Scope>
    </TokenIdentifier>
    <Path>interface_r_u_i_color_picker_view_controller.html</Path>
    <Anchor>a3486e4b8c8d920592a2a1959fbd1e40e</Anchor>
  </Token>
  <Token>
    <TokenIdentifier>
      <Name>colorPickerLabel</Name>
      <APILanguage>occ</APILanguage>
      <Type>instp</Type>
      <Scope>RUIColorPickerViewController</Scope>
    </TokenIdentifier>
    <Path>interface_r_u_i_color_picker_view_controller.html</Path>
    <Anchor>a75470cb3dd6932fcf81fa5dae7f0659b</Anchor>
  </Token>
  <Token>
    <TokenIdentifier>
      <Name>rollButton</Name>
      <APILanguage>occ</APILanguage>
      <Type>instp</Type>
      <Scope>RUIColorPickerViewController</Scope>
    </TokenIdentifier>
    <Path>interface_r_u_i_color_picker_view_controller.html</Path>
    <Anchor>a5b31289e41501adb0de227d3cc45a6fd</Anchor>
  </Token>
  <Token>
    <TokenIdentifier>
      <Name>backButton</Name>
      <APILanguage>occ</APILanguage>
      <Type>instp</Type>
      <Scope>RUIColorPickerViewController</Scope>
    </TokenIdentifier>
    <Path>interface_r_u_i_color_picker_view_controller.html</Path>
    <Anchor>ad23656c4399ce8cb75b82d5084895099</Anchor>
  </Token>
  <Token>
    <TokenIdentifier>
      <Name>delegate</Name>
      <APILanguage>occ</APILanguage>
      <Type>instp</Type>
      <Scope>RUIColorPickerViewController</Scope>
    </TokenIdentifier>
    <Path>interface_r_u_i_color_picker_view_controller.html</Path>
    <Anchor>a4237b527e8b05d50babee78a095856a1</Anchor>
  </Token>
  <Token>
    <TokenIdentifier>
      <Name>RUICrossHairsView</Name>
      <APILanguage>c</APILanguage>
      <Type>cl</Type>
      <Scope>RUICrossHairsView</Scope>
    </TokenIdentifier>
    <Path>interface_r_u_i_cross_hairs_view.html</Path>
    <DeclaredIn>RUICrossHairsView.h</DeclaredIn>
  </Token>
  <Token>
    <TokenIdentifier>
      <Name>RUIFlickGestureRecognizer</Name>
      <APILanguage>c</APILanguage>
      <Type>cl</Type>
      <Scope>RUIFlickGestureRecognizer</Scope>
    </TokenIdentifier>
    <Path>interface_r_u_i_flick_gesture_recognizer.html</Path>
    <Abstract>Recognize &amp;#39;flick&amp;#39; gestures and get their heading, speed and distance.</Abstract>
    <DeclaredIn>RUIFlickGestureRecognizer.h</DeclaredIn>
  </Token>
  <Token>
    <TokenIdentifier>
      <Name>heading</Name>
      <APILanguage>occ</APILanguage>
      <Type>instp</Type>
      <Scope>RUIFlickGestureRecognizer</Scope>
    </TokenIdentifier>
    <Path>interface_r_u_i_flick_gesture_recognizer.html</Path>
    <Anchor>aab4bc5ed284510ccdefbb57e2fcd1559</Anchor>
  </Token>
  <Token>
    <TokenIdentifier>
      <Name>translation</Name>
      <APILanguage>occ</APILanguage>
      <Type>instp</Type>
      <Scope>RUIFlickGestureRecognizer</Scope>
    </TokenIdentifier>
    <Path>interface_r_u_i_flick_gesture_recognizer.html</Path>
    <Anchor>a2d2cd6a5573b7e00a66610e383d193a6</Anchor>
  </Token>
  <Token>
    <TokenIdentifier>
      <Name>speed</Name>
      <APILanguage>occ</APILanguage>
      <Type>instp</Type>
      <Scope>RUIFlickGestureRecognizer</Scope>
    </TokenIdentifier>
    <Path>interface_r_u_i_flick_gesture_recognizer.html</Path>
    <Anchor>acc32e7f223ca0def6a9b83dd43bf5232</Anchor>
  </Token>
  <Token>
    <TokenIdentifier>
      <Name>RUIFlickView</Name>
      <APILanguage>c</APILanguage>
      <Type>cl</Type>
      <Scope>RUIFlickView</Scope>
    </TokenIdentifier>
    <Path>interface_r_u_i_flick_view.html</Path>
    <Abstract>View class showing a &amp;quot;puck&amp;quot; that responds to flicking gestures from the user.</Abstract>
    <DeclaredIn>RUIFlickView.h</DeclaredIn>
  </Token>
  <Token>
    <TokenIdentifier>
      <Name>addTarget:action:</Name>
      <APILanguage>occ</APILanguage>
      <Type>instm</Type>
      <Scope>RUIFlickView</Scope>
    </TokenIdentifier>
    <Path>interface_r_u_i_flick_view.html</Path>
    <Anchor>abc7066ac7d1e4c701c1034d72edc5b09</Anchor>
  </Token>
  <Token>
    <TokenIdentifier>
      <Name>setPuckImage:</Name>
      <APILanguage>occ</APILanguage>
      <Type>instm</Type>
      <Scope>RUIFlickView</Scope>
    </TokenIdentifier>
    <Path>interface_r_u_i_flick_view.html</Path>
    <Anchor>aa4cfea55ab992d65d9cb9aedd896b5dd</Anchor>
  </Token>
  <Token>
    <TokenIdentifier>
      <Name>setFlickEnabled:</Name>
      <APILanguage>occ</APILanguage>
      <Type>instm</Type>
      <Scope>RUIFlickView</Scope>
    </TokenIdentifier>
    <Path>interface_r_u_i_flick_view.html</Path>
    <Anchor>af0d8c852adb4791dc2a5ae73a2cf57ef</Anchor>
  </Token>
  <Token>
    <TokenIdentifier>
      <Name>commonInit</Name>
      <APILanguage>occ</APILanguage>
      <Type>instm</Type>
      <Scope>RUIFlickView</Scope>
    </TokenIdentifier>
    <Path>interface_r_u_i_flick_view.html</Path>
    <Anchor>a3c4c41bf777a788168d2f0aecb6f0105</Anchor>
  </Token>
  <Token>
    <TokenIdentifier>
      <Name>getRecognizer</Name>
      <APILanguage>occ</APILanguage>
      <Type>instm</Type>
      <Scope>RUIFlickView</Scope>
    </TokenIdentifier>
    <Path>interface_r_u_i_flick_view.html</Path>
    <Anchor>abd9968fdb9afff584672896d2a7ba99a</Anchor>
  </Token>
  <Token>
    <TokenIdentifier>
      <Name>speed</Name>
      <APILanguage>occ</APILanguage>
      <Type>instp</Type>
      <Scope>RUIFlickView</Scope>
    </TokenIdentifier>
    <Path>interface_r_u_i_flick_view.html</Path>
    <Anchor>aaf4086607cfb8c6b1c00e47ad75a71c8</Anchor>
  </Token>
  <Token>
    <TokenIdentifier>
      <Name>heading</Name>
      <APILanguage>occ</APILanguage>
      <Type>instp</Type>
      <Scope>RUIFlickView</Scope>
    </TokenIdentifier>
    <Path>interface_r_u_i_flick_view.html</Path>
    <Anchor>ad11cba586d5b0641378755a8b9c7230e</Anchor>
  </Token>
  <Token>
    <TokenIdentifier>
      <Name>RUIHSBColorPickerDelegate</Name>
      <APILanguage>c</APILanguage>
      <Type>intf</Type>
      <Scope>RUIHSBColorPickerDelegate</Scope>
    </TokenIdentifier>
    <Path>protocol_r_u_i_h_s_b_color_picker_delegate-p.html</Path>
    <Abstract>Protocol for the color picker view delegate to implement.</Abstract>
    <DeclaredIn>RUIHSBColorPickerView.h</DeclaredIn>
  </Token>
  <Token>
    <TokenIdentifier>
      <Name>colorPickerDidChange:withRed:green:blue:</Name>
      <APILanguage>occ</APILanguage>
      <Type>intfm</Type>
      <Scope>RUIHSBColorPickerDelegate-p</Scope>
    </TokenIdentifier>
    <Path>protocol_r_u_i_h_s_b_color_picker_delegate-p.html</Path>
    <Anchor>a20e8d213aa7a934a30b3950f91bfc927</Anchor>
  </Token>
  <Token>
    <TokenIdentifier>
      <Name>RUIHSBColorPickerView</Name>
      <APILanguage>c</APILanguage>
      <Type>cl</Type>
      <Scope>RUIHSBColorPickerView</Scope>
    </TokenIdentifier>
    <Path>interface_r_u_i_h_s_b_color_picker_view.html</Path>
    <Abstract>View class showing an HSB color wheel and brightness slider that allows the user to select a specific...</Abstract>
    <DeclaredIn>RUIHSBColorPickerView.h</DeclaredIn>
  </Token>
  <Token>
    <TokenIdentifier>
      <Name>setHue:saturation:brightness:</Name>
      <APILanguage>occ</APILanguage>
      <Type>instm</Type>
      <Scope>RUIHSBColorPickerView</Scope>
    </TokenIdentifier>
    <Path>interface_r_u_i_h_s_b_color_picker_view.html</Path>
    <Anchor>a66b188ad22e0bbfc4e02334b064460af</Anchor>
  </Token>
  <Token>
    <TokenIdentifier>
      <Name>setRed:green:blue:</Name>
      <APILanguage>occ</APILanguage>
      <Type>instm</Type>
      <Scope>RUIHSBColorPickerView</Scope>
    </TokenIdentifier>
    <Path>interface_r_u_i_h_s_b_color_picker_view.html</Path>
    <Anchor>a5cb376320bd35f335aefa3c806946dab</Anchor>
  </Token>
  <Token>
    <TokenIdentifier>
      <Name>value</Name>
      <APILanguage>occ</APILanguage>
      <Type>instp</Type>
      <Scope>RUIHSBColorPickerView</Scope>
    </TokenIdentifier>
    <Path>interface_r_u_i_h_s_b_color_picker_view.html</Path>
    <Anchor>a74a5691705d15839513fb84fc17cd4fe</Anchor>
  </Token>
  <Token>
    <TokenIdentifier>
      <Name>delegate</Name>
      <APILanguage>occ</APILanguage>
      <Type>instp</Type>
      <Scope>RUIHSBColorPickerView</Scope>
    </TokenIdentifier>
    <Path>interface_r_u_i_h_s_b_color_picker_view.html</Path>
    <Anchor>a78e559944cf97b88253d88b0fa95cd90</Anchor>
  </Token>
  <Token>
    <TokenIdentifier>
      <Name>RUIHSColorPickerDelegate</Name>
      <APILanguage>c</APILanguage>
      <Type>intf</Type>
      <Scope>RUIHSColorPickerDelegate</Scope>
    </TokenIdentifier>
    <Path>protocol_r_u_i_h_s_color_picker_delegate-p.html</Path>
    <Abstract>Protocol for the color picker view delegate to implement.</Abstract>
    <DeclaredIn>RUIHSColorPickerView.h</DeclaredIn>
  </Token>
  <Token>
    <TokenIdentifier>
      <Name>colorPickerDidChange:withRed:green:blue:</Name>
      <APILanguage>occ</APILanguage>
      <Type>intfm</Type>
      <Scope>RUIHSColorPickerDelegate-p</Scope>
    </TokenIdentifier>
    <Path>protocol_r_u_i_h_s_color_picker_delegate-p.html</Path>
    <Anchor>a8581b5363b766dbfe69db0541365edd1</Anchor>
  </Token>
  <Token>
    <TokenIdentifier>
      <Name>RUIHSColorPickerView</Name>
      <APILanguage>c</APILanguage>
      <Type>cl</Type>
      <Scope>RUIHSColorPickerView</Scope>
    </TokenIdentifier>
    <Path>interface_r_u_i_h_s_color_picker_view.html</Path>
    <Abstract>View class showing an HSB color wheel and brightness slider that allows the user to select a specific...</Abstract>
    <DeclaredIn>RUIHSColorPickerView.h</DeclaredIn>
  </Token>
  <Token>
    <TokenIdentifier>
      <Name>setHue:saturation:brightness:</Name>
      <APILanguage>occ</APILanguage>
      <Type>instm</Type>
      <Scope>RUIHSColorPickerView</Scope>
    </TokenIdentifier>
    <Path>interface_r_u_i_h_s_color_picker_view.html</Path>
    <Anchor>a949c7776fd8baedf2605b781abdf9eb8</Anchor>
  </Token>
  <Token>
    <TokenIdentifier>
      <Name>setRed:green:blue:</Name>
      <APILanguage>occ</APILanguage>
      <Type>instm</Type>
      <Scope>RUIHSColorPickerView</Scope>
    </TokenIdentifier>
    <Path>interface_r_u_i_h_s_color_picker_view.html</Path>
    <Anchor>a18086758db72188b3efdb44d67839a03</Anchor>
  </Token>
  <Token>
    <TokenIdentifier>
      <Name>value</Name>
      <APILanguage>occ</APILanguage>
      <Type>instp</Type>
      <Scope>RUIHSColorPickerView</Scope>
    </TokenIdentifier>
    <Path>interface_r_u_i_h_s_color_picker_view.html</Path>
    <Anchor>a883b926725c4a22a80e146eeaf4596c9</Anchor>
  </Token>
  <Token>
    <TokenIdentifier>
      <Name>delegate</Name>
      <APILanguage>occ</APILanguage>
      <Type>instp</Type>
      <Scope>RUIHSColorPickerView</Scope>
    </TokenIdentifier>
    <Path>interface_r_u_i_h_s_color_picker_view.html</Path>
    <Anchor>ab49220f2e08adfcab098936dda168797</Anchor>
  </Token>
  <Token>
    <TokenIdentifier>
      <Name>showsBrightnessSlider</Name>
      <APILanguage>occ</APILanguage>
      <Type>instp</Type>
      <Scope>RUIHSColorPickerView</Scope>
    </TokenIdentifier>
    <Path>interface_r_u_i_h_s_color_picker_view.html</Path>
    <Anchor>acb5bf816914cbfd35ac6f73bb67c7c0e</Anchor>
  </Token>
  <Token>
    <TokenIdentifier>
      <Name>RUIModalLayerViewController</Name>
      <APILanguage>c</APILanguage>
      <Type>cl</Type>
      <Scope>RUIModalLayerViewController</Scope>
    </TokenIdentifier>
    <Path>interface_r_u_i_modal_layer_view_controller.html</Path>
    <Abstract>Base class for view controllers that wish to be shown modally on top of their parent views...</Abstract>
    <DeclaredIn>RUIModalLayerViewController.h</DeclaredIn>
  </Token>
  <Token>
    <TokenIdentifier>
      <Name>dismissModalLayerViewControllerAnimated:</Name>
      <APILanguage>occ</APILanguage>
      <Type>instm</Type>
      <Scope>RUIModalLayerViewController</Scope>
    </TokenIdentifier>
    <Path>interface_r_u_i_modal_layer_view_controller.html</Path>
    <Anchor>acdd5ac0e7b7f4e1002bbccaf5d892c09</Anchor>
  </Token>
  <Token>
    <TokenIdentifier>
      <Name>layerViewForParentViewController:</Name>
      <APILanguage>occ</APILanguage>
      <Type>instm</Type>
      <Scope>RUIModalLayerViewController</Scope>
    </TokenIdentifier>
    <Path>interface_r_u_i_modal_layer_view_controller.html</Path>
    <Anchor>aa675e582407fbe90d47b86ba113afc6f</Anchor>
  </Token>
  <Token>
    <TokenIdentifier>
      <Name>setDismissedTarget:action:</Name>
      <APILanguage>occ</APILanguage>
      <Type>instm</Type>
      <Scope>RUIModalLayerViewController</Scope>
    </TokenIdentifier>
    <Path>interface_r_u_i_modal_layer_view_controller.html</Path>
    <Anchor>a92ebdb40bf6f31d8ff8f1f30ed720a64</Anchor>
  </Token>
  <Token>
    <TokenIdentifier>
      <Name>layoutPortrait</Name>
      <APILanguage>occ</APILanguage>
      <Type>instm</Type>
      <Scope>RUIModalLayerViewController</Scope>
    </TokenIdentifier>
    <Path>interface_r_u_i_modal_layer_view_controller.html</Path>
    <Anchor>aea00d56b794208748e9994fc0c7bacc0</Anchor>
  </Token>
  <Token>
    <TokenIdentifier>
      <Name>layoutLandscape</Name>
      <APILanguage>occ</APILanguage>
      <Type>instm</Type>
      <Scope>RUIModalLayerViewController</Scope>
    </TokenIdentifier>
    <Path>interface_r_u_i_modal_layer_view_controller.html</Path>
    <Anchor>a26b7ad49791ee27e92be39c0b84a2133</Anchor>
  </Token>
  <Token>
    <TokenIdentifier>
      <Name>currentModalLayerViewController</Name>
      <APILanguage>occ</APILanguage>
      <Type>clm</Type>
      <Scope>RUIModalLayerViewController</Scope>
    </TokenIdentifier>
    <Path>interface_r_u_i_modal_layer_view_controller.html</Path>
    <Anchor>a07f3b41dbab8521df9ddd5ebca7b001f</Anchor>
  </Token>
  <Token>
    <TokenIdentifier>
      <Name>backgroundAlpha</Name>
      <APILanguage>occ</APILanguage>
      <Type>instp</Type>
      <Scope>RUIModalLayerViewController</Scope>
    </TokenIdentifier>
    <Path>interface_r_u_i_modal_layer_view_controller.html</Path>
    <Anchor>ab9678afcc36c3bef2de31211f81ae90d</Anchor>
  </Token>
  <Token>
    <TokenIdentifier>
      <Name>backgroundColor</Name>
      <APILanguage>occ</APILanguage>
      <Type>instp</Type>
      <Scope>RUIModalLayerViewController</Scope>
    </TokenIdentifier>
    <Path>interface_r_u_i_modal_layer_view_controller.html</Path>
    <Anchor>a01b2d2676ac828f908000e4353b29680</Anchor>
  </Token>
  <Token>
    <TokenIdentifier>
      <Name>RUIRGBColorPickerViewController</Name>
      <APILanguage>c</APILanguage>
      <Type>cl</Type>
      <Scope>RUIRGBColorPickerViewController</Scope>
    </TokenIdentifier>
    <Path>interface_r_u_i_r_g_b_color_picker_view_controller.html</Path>
    <Abstract>View controller that allows the user to select a color using RGB values.</Abstract>
    <DeclaredIn>RUIRGBColorPickerViewController.h</DeclaredIn>
  </Token>
  <Token>
    <TokenIdentifier>
      <Name>setRed:green:blue:</Name>
      <APILanguage>occ</APILanguage>
      <Type>instm</Type>
      <Scope>RUIRGBColorPickerViewController</Scope>
    </TokenIdentifier>
    <Path>interface_r_u_i_r_g_b_color_picker_view_controller.html</Path>
    <Anchor>a3f3d476fc456808b7be8014f25f008d4</Anchor>
  </Token>
  <Token>
    <TokenIdentifier>
      <Name>setCurrentRed:green:blue:</Name>
      <APILanguage>occ</APILanguage>
      <Type>instm</Type>
      <Scope>RUIRGBColorPickerViewController</Scope>
    </TokenIdentifier>
    <Path>interface_r_u_i_r_g_b_color_picker_view_controller.html</Path>
    <Anchor>a3959978ea6f2a270e42224fc8e8c3a5c</Anchor>
  </Token>
  <Token>
    <TokenIdentifier>
      <Name>sliderChanged:</Name>
      <APILanguage>occ</APILanguage>
      <Type>instm</Type>
      <Scope>RUIRGBColorPickerViewController</Scope>
    </TokenIdentifier>
    <Path>interface_r_u_i_r_g_b_color_picker_view_controller.html</Path>
    <Anchor>ae8f23b4017226683ec5e5dac6224ad02</Anchor>
  </Token>
  <Token>
    <TokenIdentifier>
      <Name>rgbDidEndEditing:</Name>
      <APILanguage>occ</APILanguage>
      <Type>instm</Type>
      <Scope>RUIRGBColorPickerViewController</Scope>
    </TokenIdentifier>
    <Path>interface_r_u_i_r_g_b_color_picker_view_controller.html</Path>
    <Anchor>a97b5c83b70876bb8c0a67039fe09285e</Anchor>
  </Token>
  <Token>
    <TokenIdentifier>
      <Name>done:</Name>
      <APILanguage>occ</APILanguage>
      <Type>instm</Type>
      <Scope>RUIRGBColorPickerViewController</Scope>
    </TokenIdentifier>
    <Path>interface_r_u_i_r_g_b_color_picker_view_controller.html</Path>
    <Anchor>a00a36a672fdb79f31e82f63ef0ec9962</Anchor>
  </Token>
  <Token>
    <TokenIdentifier>
      <Name>redTextField</Name>
      <APILanguage>occ</APILanguage>
      <Type>instp</Type>
      <Scope>RUIRGBColorPickerViewController</Scope>
    </TokenIdentifier>
    <Path>interface_r_u_i_r_g_b_color_picker_view_controller.html</Path>
    <Anchor>aafb8471b68b7bf18d0db82d34bd9147e</Anchor>
  </Token>
  <Token>
    <TokenIdentifier>
      <Name>redSlider</Name>
      <APILanguage>occ</APILanguage>
      <Type>instp</Type>
      <Scope>RUIRGBColorPickerViewController</Scope>
    </TokenIdentifier>
    <Path>interface_r_u_i_r_g_b_color_picker_view_controller.html</Path>
    <Anchor>a004c91d99d6f312821050baffa06a5be</Anchor>
  </Token>
  <Token>
    <TokenIdentifier>
      <Name>greenTextField</Name>
      <APILanguage>occ</APILanguage>
      <Type>instp</Type>
      <Scope>RUIRGBColorPickerViewController</Scope>
    </TokenIdentifier>
    <Path>interface_r_u_i_r_g_b_color_picker_view_controller.html</Path>
    <Anchor>a9b6354038a55fcee3028c7891630088f</Anchor>
  </Token>
  <Token>
    <TokenIdentifier>
      <Name>greenSlider</Name>
      <APILanguage>occ</APILanguage>
      <Type>instp</Type>
      <Scope>RUIRGBColorPickerViewController</Scope>
    </TokenIdentifier>
    <Path>interface_r_u_i_r_g_b_color_picker_view_controller.html</Path>
    <Anchor>aa0f343ea59efe0c7eb3bad5c16f903b2</Anchor>
  </Token>
  <Token>
    <TokenIdentifier>
      <Name>blueTextField</Name>
      <APILanguage>occ</APILanguage>
      <Type>instp</Type>
      <Scope>RUIRGBColorPickerViewController</Scope>
    </TokenIdentifier>
    <Path>interface_r_u_i_r_g_b_color_picker_view_controller.html</Path>
    <Anchor>a2f79f83b1624d901612b40eeb0954ec6</Anchor>
  </Token>
  <Token>
    <TokenIdentifier>
      <Name>blueSlider</Name>
      <APILanguage>occ</APILanguage>
      <Type>instp</Type>
      <Scope>RUIRGBColorPickerViewController</Scope>
    </TokenIdentifier>
    <Path>interface_r_u_i_r_g_b_color_picker_view_controller.html</Path>
    <Anchor>a80964b2863eddf29144151df07527606</Anchor>
  </Token>
  <Token>
    <TokenIdentifier>
      <Name>oldColorIndicator</Name>
      <APILanguage>occ</APILanguage>
      <Type>instp</Type>
      <Scope>RUIRGBColorPickerViewController</Scope>
    </TokenIdentifier>
    <Path>interface_r_u_i_r_g_b_color_picker_view_controller.html</Path>
    <Anchor>ae5f6e70a74521de0a884d0e43b6415c0</Anchor>
  </Token>
  <Token>
    <TokenIdentifier>
      <Name>curColorIndicator</Name>
      <APILanguage>occ</APILanguage>
      <Type>instp</Type>
      <Scope>RUIRGBColorPickerViewController</Scope>
    </TokenIdentifier>
    <Path>interface_r_u_i_r_g_b_color_picker_view_controller.html</Path>
    <Anchor>af23fbb2dd55289c9854b2e2ace13b70f</Anchor>
  </Token>
  <Token>
    <TokenIdentifier>
      <Name>delegate</Name>
      <APILanguage>occ</APILanguage>
      <Type>instp</Type>
      <Scope>RUIRGBColorPickerViewController</Scope>
    </TokenIdentifier>
    <Path>interface_r_u_i_r_g_b_color_picker_view_controller.html</Path>
    <Anchor>ad20e4f5585013cf84fb1b39a1343b93d</Anchor>
  </Token>
  <Token>
    <TokenIdentifier>
      <Name>RUISlideToSleepViewController</Name>
      <APILanguage>c</APILanguage>
      <Type>cl</Type>
      <Scope>RUISlideToSleepViewController</Scope>
    </TokenIdentifier>
    <Path>interface_r_u_i_slide_to_sleep_view_controller.html</Path>
    <Abstract>A view controller to present when allowing the user to put Sphero to sleep.</Abstract>
    <DeclaredIn>RUISlideToSleepViewController.h</DeclaredIn>
  </Token>
  <Token>
    <TokenIdentifier>
      <Name>delegate</Name>
      <APILanguage>occ</APILanguage>
      <Type>instp</Type>
      <Scope>RUISlideToSleepViewController</Scope>
    </TokenIdentifier>
    <Path>interface_r_u_i_slide_to_sleep_view_controller.html</Path>
    <Anchor>adc544b60d9715a2a5487ade94cba76d2</Anchor>
  </Token>
  <Token>
    <TokenIdentifier>
      <Name>RUISlideToSleepViewControllerDelegate</Name>
      <APILanguage>c</APILanguage>
      <Type>intf</Type>
      <Scope>RUISlideToSleepViewControllerDelegate</Scope>
    </TokenIdentifier>
    <Path>protocol_r_u_i_slide_to_sleep_view_controller_delegate-p.html</Path>
    <DeclaredIn>RUISlideToSleepViewController.h</DeclaredIn>
  </Token>
  <Token>
    <TokenIdentifier>
      <Name>slideToSleepConfirmed:</Name>
      <APILanguage>occ</APILanguage>
      <Type>intfm</Type>
      <Scope>RUISlideToSleepViewControllerDelegate-p</Scope>
    </TokenIdentifier>
    <Path>protocol_r_u_i_slide_to_sleep_view_controller_delegate-p.html</Path>
    <Anchor>a2fa6b4c7525c913202a3d112dd3ce0a9</Anchor>
  </Token>
  <Token>
    <TokenIdentifier>
      <Name>slideToSleepCanceled:</Name>
      <APILanguage>occ</APILanguage>
      <Type>intfm</Type>
      <Scope>RUISlideToSleepViewControllerDelegate-p</Scope>
    </TokenIdentifier>
    <Path>protocol_r_u_i_slide_to_sleep_view_controller_delegate-p.html</Path>
    <Anchor>a4b33d2fbc6f8033d90649604cf1f69cd</Anchor>
  </Token>
  <Token>
    <TokenIdentifier>
      <Name>UIViewController(RUIModalLayerAdditions)</Name>
      <APILanguage>c</APILanguage>
      <Type>cl</Type>
      <Scope>UIViewController(RUIModalLayerAdditions)</Scope>
    </TokenIdentifier>
    <Path>interface_u_i_view_controller_07_r_u_i_modal_layer_additions_08.html</Path>
    <DeclaredIn>RUIModalLayerViewController.h</DeclaredIn>
  </Token>
  <Token>
    <TokenIdentifier>
      <Name>presentModalLayerViewController:animated:</Name>
      <APILanguage>occ</APILanguage>
      <Type>instm</Type>
      <Scope>UIViewController(RUIModalLayerAdditions)</Scope>
    </TokenIdentifier>
    <Path>interface_u_i_view_controller_07_r_u_i_modal_layer_additions_08.html</Path>
    <Anchor>a6281dfc0321f247e8e5b10340f329c5f</Anchor>
  </Token>
</Tokens>
